稀有度	装备名称
LR	1805式魔力型手枪
LR	Jack & Pot
LR	M260手持型冲击炮
LR	M28魔力型狙击枪
LR	万能溶剂原理
LR	不共戴天
LR	丰饶之杖
LR	亲爱的小淑女
LR	仲夏日之梦
LR	余香绽放的花剪
LR	兀儿肯努斯圆阵
LR	全知之根
LR	劫火之灭
LR	勇气的魔法
LR	勿忘草日记本
LR	双龙宝剑
LR	和平使者
LR	圣・混沌霸主
LR	圣剑卡里德福洛斯
LR	圣女十字架
LR	圣女的黄昏
LR	圣枪守护者之盾
LR	圣赎的炽炎之杖
LR	夏日狂欢
LR	大欢乐秀
LR	天使之咆哮
LR	天使魔导书
LR	好奇漂流兔
LR	妖精的铃兰小窝
LR	封魔黑钥
LR	小安
LR	小巧印章槌
LR	小熊耳罩
LR	巨大百合水仙
LR	希望之翼
LR	幽紫送葬器
LR	引光者的誓言之剑
LR	心永恒・时永恒
LR	悲叹之沫
LR	愚钝的铁块
LR	慈爱圣餐杯
LR	托小波
LR	故主遗杖
LR	断罪之剑
LR	日升者
LR	普莉鸟维拉
LR	普莉鸟维拉的暑假
LR	智识古杖
LR	暗夜翎羽
LR	最佳旅伴
LR	月咏画轴
LR	朗基努斯之枪
LR	树影日光瓶
LR	梅塔特隆之双羽
LR	梅塔特隆之天掌
LR	梅塔特隆之天煌衣
LR	梅塔特隆之神翼
LR	梅塔特隆的天之剑
LR	梅塔特隆的天升火枪
LR	梅塔特隆的天戒之书
LR	梅塔特隆的头纱
LR	欢乐来福枪
LR	求爱荆棘
LR	泡沫之歌
LR	活泼的快板
LR	流泪之日
LR	深红誓约之圣枪
LR	混沌霸主
LR	灰姑娘
LR	炎火传承
LR	热带风情游泳圈
LR	爱的礼物
LR	狐炎咒符
LR	独一至圣之枪
LR	猫咪的小手
LR	王树权杖
LR	瑞拜尔之剑
LR	瑞瓦日之剑
LR	瓦恩之精的利爪
LR	生命灯匣
LR	白雪一点花
LR	睿智石板
LR	祝福花束
LR	糯糯
LR	红洁刺剑
LR	约定的红莲之刃
LR	维京战斧
LR	罪人之叹
LR	耀日天球
LR	自由之声
LR	至高女神
LR	舞娘的小鸟
LR	艾玛
LR	苍蓝魔典
LR	葬花之镰
LR	蝠形发饰
LR	解放之光
LR	誓约之剑
LR	谈花手记
LR	贤知仪
LR	贤者之书
LR	贪婪折扇
LR	赎罪的谎花
LR	赫尔墨斯的指引
LR	转轮手杖枪
LR	辉月天球
LR	连环杀机
LR	迷失之子
LR	迷失之子红苹果
LR	追忆的铁块
LR	钝铁重剑
LR	锈铁之翼
LR	长发姑娘
LR	隐密流星
LR	雪柔隔热手套
LR	雪白围巾
LR	雪鳞露珠
LR	雷神之锤
LR	骑士的黄昏
LR	骗术师的獠牙
LR	魂瓮
LR	魔法糖果
LR	鱼鱼
LR	黄昏之星
LR	黑色狼牙
LR	龙神的只翼
UR	1805式魔力型手枪
UR	Jack & Pot
UR	M260手持型冲击炮
UR	M28魔力型狙击枪
UR	万能溶剂原理
UR	不共戴天
UR	丰饶之杖
UR	亚斯塔禄之誓
UR	亚斯塔禄之靴
UR	亚斯塔禄的手套
UR	亚斯塔禄的指导书
UR	亚斯塔禄的花饰
UR	亚斯塔禄的贤者火枪
UR	亚斯塔禄的铠衣
UR	亚斯塔禄的龙牙剑
UR	亲爱的小淑女
UR	仲夏日之梦
UR	余香绽放的花剪
UR	兀儿肯努斯圆阵
UR	全知之根
UR	别西卜之契
UR	别西卜的战盔
UR	别西卜的斗剑
UR	别西卜的武斗拳甲
UR	别西卜的武斗行履
UR	别西卜的灾祸火枪
UR	别西卜的破戒论
UR	别西卜的邪恶巨铠
UR	劫火之灭
UR	勇气的魔法
UR	勿忘草日记本
UR	双龙宝剑
UR	和平使者
UR	圣・混沌霸主
UR	圣剑卡里德福洛斯
UR	圣女十字架
UR	圣女的黄昏
UR	圣枪守护者之盾
UR	圣赎的炽炎之杖
UR	夏日狂欢
UR	大欢乐秀
UR	天使之咆哮
UR	天使魔导书
UR	好奇漂流兔
UR	妖精的铃兰小窝
UR	封魔黑钥
UR	小安
UR	小巧印章槌
UR	小熊耳罩
UR	巨大百合水仙
UR	希望之翼
UR	幽紫送葬器
UR	引光者的誓言之剑
UR	心永恒・时永恒
UR	悲叹之沫
UR	愚钝的铁块
UR	慈爱圣餐杯
UR	托小波
UR	撒旦之华履
UR	撒旦之夜华
UR	撒旦之瞳凝晶
UR	撒旦的召魔火枪
UR	撒旦的晚宴礼帽
UR	撒旦的灭神之书
UR	撒旦的礼服
UR	撒旦的霸王之剑
UR	故主遗杖
UR	断罪之剑
UR	日升者
UR	普莉鸟维拉
UR	普莉鸟维拉的暑假
UR	智识古杖
UR	暗夜翎羽
UR	最佳旅伴
UR	月咏画轴
UR	朗基努斯之枪
UR	树影日光瓶
UR	欢乐来福枪
UR	求爱荆棘
UR	泡沫之歌
UR	活泼的快板
UR	流泪之日
UR	深红誓约之圣枪
UR	混沌霸主
UR	灰姑娘
UR	炎火传承
UR	热带风情游泳圈
UR	爱的礼物
UR	狐炎咒符
UR	独一至圣之枪
UR	猫咪的小手
UR	王树权杖
UR	瑞拜尔之剑
UR	瑞瓦日之剑
UR	瓦恩之精的利爪
UR	生命灯匣
UR	白雪一点花
UR	睿智石板
UR	祝福花束
UR	米迦勒的圣剑
UR	米迦勒的圣天衣
UR	米迦勒的圣导书
UR	米迦勒的圣甲
UR	米迦勒的天翔履
UR	米迦勒的王冠
UR	米迦勒的神圣火枪
UR	米迦勒的缎带
UR	糯糯
UR	红洁刺剑
UR	约定的红莲之刃
UR	维京战斧
UR	罪人之叹
UR	耀日天球
UR	自由之声
UR	至高女神
UR	舞娘的小鸟
UR	艾玛
UR	苍蓝魔典
UR	葬花之镰
UR	蝠形发饰
UR	解放之光
UR	誓约之剑
UR	谈花手记
UR	贤知仪
UR	贤者之书
UR	贪婪折扇
UR	赎罪的谎花
UR	赫尔墨斯的指引
UR	路西弗格斯之祈祷
UR	路西弗格斯的朱红腕甲
UR	路西弗格斯的狱炎剑
UR	路西弗格斯的礼服
UR	路西弗格斯的红爪
UR	路西弗格斯的绯红之火
UR	路西弗格斯的血盟书
UR	路西弗格斯的角冠
UR	转轮手杖枪
UR	辉月天球
UR	连环杀机
UR	迷失之子
UR	迷失之子红苹果
UR	追忆的铁块
UR	钝铁重剑
UR	锈铁之翼
UR	长发姑娘
UR	隐密流星
UR	雪柔隔热手套
UR	雪白围巾
UR	雪鳞露珠
UR	雷神之锤
UR	骑士的黄昏
UR	骗术师的獠牙
UR	魂瓮
UR	魔法糖果
UR	鱼鱼
UR	黄昏之星
UR	黑色狼牙
UR	龙神的只翼
SSR	亚得米勒之冠
SSR	亚得米勒之疾行
SSR	亚得米勒的哀思火枪
SSR	亚得米勒的战袍
SSR	亚得米勒的教典
SSR	亚得米勒的苍穹剑
SSR	亚得米勒的苍穹护手
SSR	亚得米勒的辉石
SSR	加百列之圣铠
SSR	加百列之慈爱
SSR	加百列的射命火枪
SSR	加百列的登天履
SSR	加百列的碧银盔
SSR	加百列的神剑
SSR	加百列的神导书
SSR	加百列的长手套
SSR	圣德芬之天盔
SSR	圣德芬之晖铠
SSR	圣德芬的加护
SSR	圣德芬的圣典
SSR	圣德芬的太阳之火
SSR	圣德芬的护腕
SSR	圣德芬的明灯之剑
SSR	圣德芬的疾光履
SSR	巴力的呢喃
SSR	巴力的夜王之铠
SSR	巴力的臂甲
SSR	巴力的角盔
SSR	巴力的魔导书
SSR	巴力的魔履
SSR	巴力的魔弹火枪
SSR	巴力的魔重剑
SSR	拉斐尔的哀诉火枪
SSR	拉斐尔的帽子
SSR	拉斐尔的征履
SSR	拉斐尔的御魔手套
SSR	拉斐尔的法衣
SSR	拉斐尔的泪滴
SSR	拉斐尔的琉璃剑
SSR	拉斐尔的魔导书
SSR	汉尼尔之天足
SSR	汉尼尔的光剑
SSR	汉尼尔的军帽
SSR	汉尼尔的双掌
SSR	汉尼尔的圣服
SSR	汉尼尔的天佑之火
SSR	汉尼尔的宝石
SSR	汉尼尔的教本
SSR	莉莉斯的护手
SSR	莉莉斯的晦冥火枪
SSR	莉莉斯的硬盔
SSR	莉莉斯的行履
SSR	莉莉斯的重铠
SSR	莉莉斯的项链
SSR	莉莉斯的魅剑
SSR	莉莉斯的魔导书
SSR	那赫玛之戒
SSR	那赫玛的御魔铠
SSR	那赫玛的短火枪
SSR	那赫玛的重靴
SSR	那赫玛的铁盔
SSR	那赫玛的铁腕甲
SSR	那赫玛的魔剑
SSR	那赫玛的魔导书
SR	光辉火枪
SR	击坠之神圣火枪
SR	创星拳甲
SR	初学者之剑
SR	初学者之靴
SR	初学者外衣
SR	初学者头盔
SR	初学者手套
SR	初学者火枪
SR	初学者耳环
SR	初学者魔导书
SR	双翼长靴
SR	古林魔导书
SR	命缘之剑
SR	圣女之书
SR	圣少女战裙
SR	圣痕项链
SR	圣骑士重剑
SR	天之头盔
SR	天击之神圣火枪
SR	天契腕甲
SR	天恩铠甲
SR	天戒之靴
SR	女爵铠甲
SR	女神守护之盔
SR	守护者手套
SR	征战少女头盔
SR	战士之书
SR	战士之剑
SR	战士之靴
SR	战士头盔
SR	战士戒指
SR	战士手套
SR	战士火枪
SR	战士铠甲
SR	战姬之剑
SR	战姬之靴
SR	战姬头盔
SR	战姬手套
SR	战姬教本
SR	战姬火枪
SR	战姬耳环
SR	战姬铠甲
SR	救世手套
SR	智识头盔
SR	白银之剑
SR	白银头盔
SR	白银战靴
SR	白银火枪
SR	白银腕甲
SR	白银铠甲
SR	白银项链
SR	白银骑士之剑
SR	白银魔导书
SR	破邪行履
SR	碎星之银火枪
SR	祈愿戒指
SR	神谕手套
SR	精灵公主的战裙
SR	翡翠耳环
SR	胜者行履
SR	英杰头盔
SR	英雄圣剑
SR	薰风短靴
SR	虹姬之泪
SR	贤帝的天剑
SR	赤铜之剑
SR	赤铜之靴
SR	赤铜头盔
SR	赤铜火枪
SR	赤铜耳环
SR	赤铜腕甲
SR	赤铜铠甲
SR	赤铜魔导书
SR	银雪魔导书
SR	青空战裙
SR	预言之书
SR	风啸火枪
SR	骑士之书
SR	骑士之剑
SR	骑士之靴
SR	骑士头盔
SR	骑士手套
SR	骑士火枪
SR	骑士甲胄
SR	骑士项链
SR	魔女王教本
SR	黄昏戒指
R	光辉火枪
R	击坠之神圣火枪
R	创星拳甲
R	初学者之剑
R	初学者之靴
R	初学者外衣
R	初学者头盔
R	初学者手套
R	初学者火枪
R	初学者耳环
R	初学者魔导书
R	双翼长靴
R	古林魔导书
R	命缘之剑
R	圣女之书
R	圣少女战裙
R	圣痕项链
R	圣骑士重剑
R	天之头盔
R	天击之神圣火枪
R	天契腕甲
R	天恩铠甲
R	天戒之靴
R	女爵铠甲
R	女神守护之盔
R	守护者手套
R	征战少女头盔
R	战士之书
R	战士之剑
R	战士之靴
R	战士头盔
R	战士戒指
R	战士手套
R	战士火枪
R	战士铠甲
R	战姬之剑
R	战姬之靴
R	战姬头盔
R	战姬手套
R	战姬教本
R	战姬火枪
R	战姬耳环
R	战姬铠甲
R	救世手套
R	智识头盔
R	白银之剑
R	白银头盔
R	白银战靴
R	白银火枪
R	白银腕甲
R	白银铠甲
R	白银项链
R	白银骑士之剑
R	白银魔导书
R	破邪行履
R	碎星之银火枪
R	祈愿戒指
R	神谕手套
R	精灵公主的战裙
R	翡翠耳环
R	胜者行履
R	英杰头盔
R	英雄圣剑
R	薰风短靴
R	虹姬之泪
R	贤帝的天剑
R	赤铜之剑
R	赤铜之靴
R	赤铜头盔
R	赤铜火枪
R	赤铜耳环
R	赤铜腕甲
R	赤铜铠甲
R	赤铜魔导书
R	银雪魔导书
R	青空战裙
R	预言之书
R	风啸火枪
R	骑士之书
R	骑士之剑
R	骑士之靴
R	骑士头盔
R	骑士手套
R	骑士火枪
R	骑士甲胄
R	骑士项链
R	魔女王教本
R	黄昏戒指